drop database if exists dbi_sad_baru;
create database dbi_sad_baru;
use dbi_sad_baru;

drop user 'user'@'localhost';
create user 'user'@'localhost' identified by 'user';
grant all privileges on *.* to 'user'@'localhost';
flush privileges;

/*!40101 SET @OLD_CHARACTER_SET_CLIENT=@@CHARACTER_SET_CLIENT */;
/*!40101 SET @OLD_CHARACTER_SET_RESULTS=@@CHARACTER_SET_RESULTS */;
/*!40101 SET @OLD_COLLATION_CONNECTION=@@COLLATION_CONNECTION */;
/*!50503 SET NAMES utf8 */;
/*!40103 SET @OLD_TIME_ZONE=@@TIME_ZONE */;
/*!40103 SET TIME_ZONE='+00:00' */;
/*!40014 SET @OLD_UNIQUE_CHECKS=@@UNIQUE_CHECKS, UNIQUE_CHECKS=0 */;
/*!40014 SET @OLD_FOREIGN_KEY_CHECKS=@@FOREIGN_KEY_CHECKS, FOREIGN_KEY_CHECKS=0 */;
/*!40101 SET @OLD_SQL_MODE=@@SQL_MODE, SQL_MODE='NO_AUTO_VALUE_ON_ZERO' */;
/*!40111 SET @OLD_SQL_NOTES=@@SQL_NOTES, SQL_NOTES=0 */;

--
-- Table structure for table `barang_expired`
--

DROP TABLE IF EXISTS `barang_expired`;
/*!40101 SET @saved_cs_client     = @@character_set_client */;
/*!50503 SET character_set_client = utf8mb4 */;
CREATE TABLE `barang_expired` (
  `ID_EXP` int unsigned NOT NULL AUTO_INCREMENT,
  `ID_PRODUKSI` int unsigned NOT NULL,
  `TGL_BUANG` datetime NOT NULL,
  `KETERANGAN` varchar(255) DEFAULT 'Expired Product',
  `JUMLAH_BUANG` int unsigned NOT NULL,
  PRIMARY KEY (`ID_EXP`),
  KEY `FK_MEMBUANG` (`ID_PRODUKSI`),
  CONSTRAINT `FK_MEMBUANG` FOREIGN KEY (`ID_PRODUKSI`) REFERENCES `produksi` (`ID_PRODUKSI`) ON DELETE RESTRICT ON UPDATE RESTRICT
) ENGINE=InnoDB DEFAULT CHARSET=utf8mb4 COLLATE=utf8mb4_0900_ai_ci;
/*!40101 SET character_set_client = @saved_cs_client */;

--
-- Dumping data for table `barang_expired`
--

LOCK TABLES `barang_expired` WRITE;
/*!40000 ALTER TABLE `barang_expired` DISABLE KEYS */;
/*!40000 ALTER TABLE `barang_expired` ENABLE KEYS */;
UNLOCK TABLES;
/*!40103 SET TIME_ZONE=@OLD_TIME_ZONE */;

/*!40101 SET SQL_MODE=@OLD_SQL_MODE */;
/*!40014 SET FOREIGN_KEY_CHECKS=@OLD_FOREIGN_KEY_CHECKS */;
/*!40014 SET UNIQUE_CHECKS=@OLD_UNIQUE_CHECKS */;
/*!40101 SET CHARACTER_SET_CLIENT=@OLD_CHARACTER_SET_CLIENT */;
/*!40101 SET CHARACTER_SET_RESULTS=@OLD_CHARACTER_SET_RESULTS */;
/*!40101 SET COLLATION_CONNECTION=@OLD_COLLATION_CONNECTION */;
/*!40111 SET SQL_NOTES=@OLD_SQL_NOTES */;


/*!40101 SET @OLD_CHARACTER_SET_CLIENT=@@CHARACTER_SET_CLIENT */;
/*!40101 SET @OLD_CHARACTER_SET_RESULTS=@@CHARACTER_SET_RESULTS */;
/*!40101 SET @OLD_COLLATION_CONNECTION=@@COLLATION_CONNECTION */;
/*!50503 SET NAMES utf8 */;
/*!40103 SET @OLD_TIME_ZONE=@@TIME_ZONE */;
/*!40103 SET TIME_ZONE='+00:00' */;
/*!40014 SET @OLD_UNIQUE_CHECKS=@@UNIQUE_CHECKS, UNIQUE_CHECKS=0 */;
/*!40014 SET @OLD_FOREIGN_KEY_CHECKS=@@FOREIGN_KEY_CHECKS, FOREIGN_KEY_CHECKS=0 */;
/*!40101 SET @OLD_SQL_MODE=@@SQL_MODE, SQL_MODE='NO_AUTO_VALUE_ON_ZERO' */;
/*!40111 SET @OLD_SQL_NOTES=@@SQL_NOTES, SQL_NOTES=0 */;

--
-- Table structure for table `detail_transaksi`
--

DROP TABLE IF EXISTS `detail_transaksi`;
/*!40101 SET @saved_cs_client     = @@character_set_client */;
/*!50503 SET character_set_client = utf8mb4 */;
CREATE TABLE `detail_transaksi` (
  `ID_DETAIL_TRANS` int unsigned NOT NULL AUTO_INCREMENT,
  `ID_TRANSAKSI` varchar(10) NOT NULL,
  `ID_PRODUK` char(5) NOT NULL,
  `JML_BELI` int unsigned NOT NULL,
  `HRG_SATUAN` int unsigned NOT NULL,
  PRIMARY KEY (`ID_DETAIL_TRANS`),
  KEY `FK_DETAIL_TRANSAKSI` (`ID_TRANSAKSI`),
  KEY `FK_DETAIL_TRANSAKSI2` (`ID_PRODUK`),
  CONSTRAINT `FK_DETAIL_TRANSAKSI` FOREIGN KEY (`ID_TRANSAKSI`) REFERENCES `transaksi` (`ID_TRANSAKSI`) ON DELETE RESTRICT ON UPDATE RESTRICT,
  CONSTRAINT `FK_DETAIL_TRANSAKSI2` FOREIGN KEY (`ID_PRODUK`) REFERENCES `produk` (`ID_PRODUK`) ON DELETE RESTRICT ON UPDATE RESTRICT
) ENGINE=InnoDB AUTO_INCREMENT=7 DEFAULT CHARSET=utf8mb4 COLLATE=utf8mb4_0900_ai_ci;
/*!40101 SET character_set_client = @saved_cs_client */;

--
-- Dumping data for table `detail_transaksi`
--

LOCK TABLES `detail_transaksi` WRITE;
/*!40000 ALTER TABLE `detail_transaksi` DISABLE KEYS */;
INSERT INTO `detail_transaksi` VALUES (1,'T202310251','P0001',2,25000),(2,'T202310252','P0002',2,25000),(3,'T202311293','P0001',3,25000),(4,'T231130001','P0001',2,25000),(5,'T231130001','P0002',1,25000),(6,'T231130002','P0001',10,25000);
/*!40000 ALTER TABLE `detail_transaksi` ENABLE KEYS */;
UNLOCK TABLES;
/*!40103 SET TIME_ZONE=@OLD_TIME_ZONE */;

/*!40101 SET SQL_MODE=@OLD_SQL_MODE */;
/*!40014 SET FOREIGN_KEY_CHECKS=@OLD_FOREIGN_KEY_CHECKS */;
/*!40014 SET UNIQUE_CHECKS=@OLD_UNIQUE_CHECKS */;
/*!40101 SET CHARACTER_SET_CLIENT=@OLD_CHARACTER_SET_CLIENT */;
/*!40101 SET CHARACTER_SET_RESULTS=@OLD_CHARACTER_SET_RESULTS */;
/*!40101 SET COLLATION_CONNECTION=@OLD_COLLATION_CONNECTION */;
/*!40111 SET SQL_NOTES=@OLD_SQL_NOTES */;



/*!40101 SET @OLD_CHARACTER_SET_CLIENT=@@CHARACTER_SET_CLIENT */;
/*!40101 SET @OLD_CHARACTER_SET_RESULTS=@@CHARACTER_SET_RESULTS */;
/*!40101 SET @OLD_COLLATION_CONNECTION=@@COLLATION_CONNECTION */;
/*!50503 SET NAMES utf8 */;
/*!40103 SET @OLD_TIME_ZONE=@@TIME_ZONE */;
/*!40103 SET TIME_ZONE='+00:00' */;
/*!40014 SET @OLD_UNIQUE_CHECKS=@@UNIQUE_CHECKS, UNIQUE_CHECKS=0 */;
/*!40014 SET @OLD_FOREIGN_KEY_CHECKS=@@FOREIGN_KEY_CHECKS, FOREIGN_KEY_CHECKS=0 */;
/*!40101 SET @OLD_SQL_MODE=@@SQL_MODE, SQL_MODE='NO_AUTO_VALUE_ON_ZERO' */;
/*!40111 SET @OLD_SQL_NOTES=@@SQL_NOTES, SQL_NOTES=0 */;

--
-- Table structure for table `kategori`
--

DROP TABLE IF EXISTS `kategori`;
/*!40101 SET @saved_cs_client     = @@character_set_client */;
/*!50503 SET character_set_client = utf8mb4 */;
CREATE TABLE `kategori` (
  `ID_KATEGORI` varchar(5) NOT NULL,
  `NAMA_KATEGORI` varchar(100) NOT NULL,
  `IS_DELETE` varchar(1) NOT NULL,
  PRIMARY KEY (`ID_KATEGORI`)
) ENGINE=InnoDB DEFAULT CHARSET=utf8mb4 COLLATE=utf8mb4_0900_ai_ci;
/*!40101 SET character_set_client = @saved_cs_client */;

--
-- Dumping data for table `kategori`
--

LOCK TABLES `kategori` WRITE;
/*!40000 ALTER TABLE `kategori` DISABLE KEYS */;
INSERT INTO `kategori` VALUES ('K001','Premium','F'),('K002','Seasonal','F'),('K003','Reguler','F');
/*!40000 ALTER TABLE `kategori` ENABLE KEYS */;
UNLOCK TABLES;
/*!40103 SET TIME_ZONE=@OLD_TIME_ZONE */;

/*!40101 SET SQL_MODE=@OLD_SQL_MODE */;
/*!40014 SET FOREIGN_KEY_CHECKS=@OLD_FOREIGN_KEY_CHECKS */;
/*!40014 SET UNIQUE_CHECKS=@OLD_UNIQUE_CHECKS */;
/*!40101 SET CHARACTER_SET_CLIENT=@OLD_CHARACTER_SET_CLIENT */;
/*!40101 SET CHARACTER_SET_RESULTS=@OLD_CHARACTER_SET_RESULTS */;
/*!40101 SET COLLATION_CONNECTION=@OLD_COLLATION_CONNECTION */;
/*!40111 SET SQL_NOTES=@OLD_SQL_NOTES */;


/*!40101 SET @OLD_CHARACTER_SET_CLIENT=@@CHARACTER_SET_CLIENT */;
/*!40101 SET @OLD_CHARACTER_SET_RESULTS=@@CHARACTER_SET_RESULTS */;
/*!40101 SET @OLD_COLLATION_CONNECTION=@@COLLATION_CONNECTION */;
/*!50503 SET NAMES utf8 */;
/*!40103 SET @OLD_TIME_ZONE=@@TIME_ZONE */;
/*!40103 SET TIME_ZONE='+00:00' */;
/*!40014 SET @OLD_UNIQUE_CHECKS=@@UNIQUE_CHECKS, UNIQUE_CHECKS=0 */;
/*!40014 SET @OLD_FOREIGN_KEY_CHECKS=@@FOREIGN_KEY_CHECKS, FOREIGN_KEY_CHECKS=0 */;
/*!40101 SET @OLD_SQL_MODE=@@SQL_MODE, SQL_MODE='NO_AUTO_VALUE_ON_ZERO' */;
/*!40111 SET @OLD_SQL_NOTES=@@SQL_NOTES, SQL_NOTES=0 */;

--
-- Table structure for table `log_laba_rugi`
--

DROP TABLE IF EXISTS `log_laba_rugi`;
/*!40101 SET @saved_cs_client     = @@character_set_client */;
/*!50503 SET character_set_client = utf8mb4 */;
CREATE TABLE `log_laba_rugi` (
  `ID_LABA_RUGI` int unsigned NOT NULL AUTO_INCREMENT,
  `TGL_CATAT` datetime NOT NULL DEFAULT CURRENT_TIMESTAMP,
  `KETERANGAN` varchar(100) NOT NULL,
  `ID_TRANSAKSI` varchar(10) DEFAULT NULL,
  `ID_EXP` int DEFAULT NULL,
  `LABA` int unsigned DEFAULT NULL,
  `RUGI` int unsigned DEFAULT NULL,
  PRIMARY KEY (`ID_LABA_RUGI`),
  KEY `FK_CATAT_LABA2` (`ID_TRANSAKSI`),
  KEY `FK_CATAT_RUGI_idx` (`ID_EXP`),
  CONSTRAINT `FK_CATAT_LABA2` FOREIGN KEY (`ID_TRANSAKSI`) REFERENCES `transaksi` (`ID_TRANSAKSI`) ON DELETE RESTRICT ON UPDATE RESTRICT
) ENGINE=InnoDB AUTO_INCREMENT=5 DEFAULT CHARSET=utf8mb4 COLLATE=utf8mb4_0900_ai_ci;
/*!40101 SET character_set_client = @saved_cs_client */;


LOCK TABLES `log_laba_rugi` WRITE;
/*!40000 ALTER TABLE `log_laba_rugi` DISABLE KEYS */;
INSERT INTO `log_laba_rugi` VALUES (2,'2023-11-30 16:12:45','Dari Penjualan','T231130001',NULL,10000,NULL),(3,'2023-11-30 16:13:17','Dari Penjualan','T231130001',NULL,5000,NULL),(4,'2023-11-30 16:15:11','Penjualan Produk P0001','T231130002',NULL,50000,NULL);
/*!40000 ALTER TABLE `log_laba_rugi` ENABLE KEYS */;
UNLOCK TABLES;
/*!40103 SET TIME_ZONE=@OLD_TIME_ZONE */;

/*!40101 SET SQL_MODE=@OLD_SQL_MODE */;
/*!40014 SET FOREIGN_KEY_CHECKS=@OLD_FOREIGN_KEY_CHECKS */;
/*!40014 SET UNIQUE_CHECKS=@OLD_UNIQUE_CHECKS */;
/*!40101 SET CHARACTER_SET_CLIENT=@OLD_CHARACTER_SET_CLIENT */;
/*!40101 SET CHARACTER_SET_RESULTS=@OLD_CHARACTER_SET_RESULTS */;
/*!40101 SET COLLATION_CONNECTION=@OLD_COLLATION_CONNECTION */;
/*!40111 SET SQL_NOTES=@OLD_SQL_NOTES */;


/*!40101 SET @OLD_CHARACTER_SET_CLIENT=@@CHARACTER_SET_CLIENT */;
/*!40101 SET @OLD_CHARACTER_SET_RESULTS=@@CHARACTER_SET_RESULTS */;
/*!40101 SET @OLD_COLLATION_CONNECTION=@@COLLATION_CONNECTION */;
/*!50503 SET NAMES utf8 */;
/*!40103 SET @OLD_TIME_ZONE=@@TIME_ZONE */;
/*!40103 SET TIME_ZONE='+00:00' */;
/*!40014 SET @OLD_UNIQUE_CHECKS=@@UNIQUE_CHECKS, UNIQUE_CHECKS=0 */;
/*!40014 SET @OLD_FOREIGN_KEY_CHECKS=@@FOREIGN_KEY_CHECKS, FOREIGN_KEY_CHECKS=0 */;
/*!40101 SET @OLD_SQL_MODE=@@SQL_MODE, SQL_MODE='NO_AUTO_VALUE_ON_ZERO' */;
/*!40111 SET @OLD_SQL_NOTES=@@SQL_NOTES, SQL_NOTES=0 */;

--
-- Table structure for table `produk`
--

DROP TABLE IF EXISTS `produk`;
/*!40101 SET @saved_cs_client     = @@character_set_client */;
/*!50503 SET character_set_client = utf8mb4 */;
CREATE TABLE `produk` (
  `ID_PRODUK` char(5) NOT NULL,
  `ID_KATEGORI` varchar(5) DEFAULT NULL,
  `NAMA_PRODUK` char(100) NOT NULL,
  `DESKRIPSI` text NOT NULL,
  `HARGA_JUAL` int unsigned NOT NULL,
  `STOK_TOTAL` int unsigned DEFAULT '0',
  `IS_DELETE` varchar(1) NOT NULL DEFAULT 'F',
  PRIMARY KEY (`ID_PRODUK`),
  KEY `FK_MEMILIKI` (`ID_KATEGORI`),
  CONSTRAINT `FK_MEMILIKI` FOREIGN KEY (`ID_KATEGORI`) REFERENCES `kategori` (`ID_KATEGORI`) ON DELETE RESTRICT ON UPDATE RESTRICT
) ENGINE=InnoDB DEFAULT CHARSET=utf8mb4 COLLATE=utf8mb4_0900_ai_ci;
/*!40101 SET character_set_client = @saved_cs_client */;

--
-- Dumping data for table `produk`
--

LOCK TABLES `produk` WRITE;
/*!40000 ALTER TABLE `produk` DISABLE KEYS */;
INSERT INTO PRODUK (ID_PRODUK, ID_KATEGORI, NAMA_PRODUK, DESKRIPSI, HARGA_JUAL, STOK_TOTAL, IS_DELETE)
VALUES
	('P0001', 'K0003', 'Fairy Forest', 'Caisim, Carrot, Lemon, Honey', 15000, 10, 'F'),
    ('P0002', 'K0001', 'Fruitylicious', 'Dragon fruit, Pineapple, Lemon', 25000, 10, 'F'),
    ('P0003', 'K0003', 'Ginger Groovy', 'Ginger, Lemon, Honey', 15000, 15, 'F'),
	('P0004', 'K0002', 'Happy Ending', 'Pineapple, Carrot', 25000, 0, 'F'),
	('P0005', 'K0002', 'Happy Fresh', 'Carrot, Lime, Honey', 30000, 0, 'F'),
	('P0006', 'K0002', 'Happy Life', 'Caisim, Pineapple', 25000, 0, 'F'),
	('P0007', 'K0003', 'Lime Breeze', 'Lemon, Honey', 15000, 0, 'F'),
	('P0008', 'K0001', 'Maroon Goddess', 'Dragon fruit, Pineapple', 25000, 0, 'F'),
	('P0009', 'K0003', 'Morning Booster', 'Ginger, Carrot, Lemon, Honey', 15000, 0, 'F'),
	('P0010', 'K0003', 'Sunset Beauty', 'Tomato, Carrot, Lemon, Honey', 15000, 0, 'F');
/*!40000 ALTER TABLE `produk` ENABLE KEYS */;
UNLOCK TABLES;
/*!40103 SET TIME_ZONE=@OLD_TIME_ZONE */;

/*!40101 SET SQL_MODE=@OLD_SQL_MODE */;
/*!40014 SET FOREIGN_KEY_CHECKS=@OLD_FOREIGN_KEY_CHECKS */;
/*!40014 SET UNIQUE_CHECKS=@OLD_UNIQUE_CHECKS */;
/*!40101 SET CHARACTER_SET_CLIENT=@OLD_CHARACTER_SET_CLIENT */;
/*!40101 SET CHARACTER_SET_RESULTS=@OLD_CHARACTER_SET_RESULTS */;
/*!40101 SET COLLATION_CONNECTION=@OLD_COLLATION_CONNECTION */;
/*!40111 SET SQL_NOTES=@OLD_SQL_NOTES */;


/*!40101 SET @OLD_CHARACTER_SET_CLIENT=@@CHARACTER_SET_CLIENT */;
/*!40101 SET @OLD_CHARACTER_SET_RESULTS=@@CHARACTER_SET_RESULTS */;
/*!40101 SET @OLD_COLLATION_CONNECTION=@@COLLATION_CONNECTION */;
/*!50503 SET NAMES utf8 */;
/*!40103 SET @OLD_TIME_ZONE=@@TIME_ZONE */;
/*!40103 SET TIME_ZONE='+00:00' */;
/*!40014 SET @OLD_UNIQUE_CHECKS=@@UNIQUE_CHECKS, UNIQUE_CHECKS=0 */;
/*!40014 SET @OLD_FOREIGN_KEY_CHECKS=@@FOREIGN_KEY_CHECKS, FOREIGN_KEY_CHECKS=0 */;
/*!40101 SET @OLD_SQL_MODE=@@SQL_MODE, SQL_MODE='NO_AUTO_VALUE_ON_ZERO' */;
/*!40111 SET @OLD_SQL_NOTES=@@SQL_NOTES, SQL_NOTES=0 */;

--
-- Table structure for table `produksi`
--

DROP TABLE IF EXISTS `produksi`;
/*!40101 SET @saved_cs_client     = @@character_set_client */;
/*!50503 SET character_set_client = utf8mb4 */;
CREATE TABLE `produksi` (
  `ID_PRODUKSI` int unsigned NOT NULL AUTO_INCREMENT,
  `ID_PRODUK` char(5) DEFAULT NULL,
  `TGL_BUAT` datetime NOT NULL,
  `TGL_KADALUWARSA` datetime NOT NULL,
  `HARGA_MODAL` int unsigned DEFAULT NULL,
  `LABA_SATUAN` int unsigned DEFAULT NULL,
  `JUMLAH_PRODUKSI` int unsigned NOT NULL,
  `JUMLAH_TERJUAL` int unsigned NOT NULL,
  `JUMLAH_RUSAK` int unsigned NOT NULL,
  `JUMLAH_SISA` int unsigned NOT NULL,
  PRIMARY KEY (`ID_PRODUKSI`),
  KEY `FK_MEMILIKI1` (`ID_PRODUK`),
  CONSTRAINT `FK_MEMILIKI1` FOREIGN KEY (`ID_PRODUK`) REFERENCES `produk` (`ID_PRODUK`) ON DELETE RESTRICT ON UPDATE RESTRICT
) ENGINE=InnoDB AUTO_INCREMENT=6 DEFAULT CHARSET=utf8mb4 COLLATE=utf8mb4_0900_ai_ci;
/*!40101 SET character_set_client = @saved_cs_client */;

--
-- Dumping data for table `produksi`
--

LOCK TABLES `produksi` WRITE;
/*!40000 ALTER TABLE `produksi` DISABLE KEYS */;
INSERT INTO `produksi` VALUES (3,'P0001','2023-11-29 16:44:38','2023-12-06 00:00:00',20000,5000,10,10,0,0),(4,'P0002','2023-11-29 16:48:05','2023-12-06 00:00:00',20000,5000,10,1,0,9),(5,'P0001','2023-11-29 16:52:50','2023-12-06 00:00:00',20000,5000,7,2,0,5);
/*!40000 ALTER TABLE `produksi` ENABLE KEYS */;
UNLOCK TABLES;
/*!40103 SET TIME_ZONE=@OLD_TIME_ZONE */;

/*!40101 SET SQL_MODE=@OLD_SQL_MODE */;
/*!40014 SET FOREIGN_KEY_CHECKS=@OLD_FOREIGN_KEY_CHECKS */;
/*!40014 SET UNIQUE_CHECKS=@OLD_UNIQUE_CHECKS */;
/*!40101 SET CHARACTER_SET_CLIENT=@OLD_CHARACTER_SET_CLIENT */;
/*!40101 SET CHARACTER_SET_RESULTS=@OLD_CHARACTER_SET_RESULTS */;
/*!40101 SET COLLATION_CONNECTION=@OLD_COLLATION_CONNECTION */;
/*!40111 SET SQL_NOTES=@OLD_SQL_NOTES */;

/*!40101 SET @OLD_CHARACTER_SET_CLIENT=@@CHARACTER_SET_CLIENT */;
/*!40101 SET @OLD_CHARACTER_SET_RESULTS=@@CHARACTER_SET_RESULTS */;
/*!40101 SET @OLD_COLLATION_CONNECTION=@@COLLATION_CONNECTION */;
/*!50503 SET NAMES utf8 */;
/*!40103 SET @OLD_TIME_ZONE=@@TIME_ZONE */;
/*!40103 SET TIME_ZONE='+00:00' */;
/*!40014 SET @OLD_UNIQUE_CHECKS=@@UNIQUE_CHECKS, UNIQUE_CHECKS=0 */;
/*!40014 SET @OLD_FOREIGN_KEY_CHECKS=@@FOREIGN_KEY_CHECKS, FOREIGN_KEY_CHECKS=0 */;
/*!40101 SET @OLD_SQL_MODE=@@SQL_MODE, SQL_MODE='NO_AUTO_VALUE_ON_ZERO' */;
/*!40111 SET @OLD_SQL_NOTES=@@SQL_NOTES, SQL_NOTES=0 */;

--
-- Table structure for table `transaksi`
--

DROP TABLE IF EXISTS `transaksi`;
/*!40101 SET @saved_cs_client     = @@character_set_client */;
/*!50503 SET character_set_client = utf8mb4 */;
CREATE TABLE `transaksi` (
  `ID_TRANSAKSI` varchar(10) NOT NULL,
  `TGL_TRANSAKSI` timestamp NOT NULL DEFAULT CURRENT_TIMESTAMP,
  `NAMA_PELANGGAN` varchar(100) DEFAULT NULL,
  `JML_ITEM` int unsigned NOT NULL,
  `TOTAL` int unsigned NOT NULL,
  PRIMARY KEY (`ID_TRANSAKSI`)
) ENGINE=InnoDB DEFAULT CHARSET=utf8mb4 COLLATE=utf8mb4_0900_ai_ci;
/*!40101 SET character_set_client = @saved_cs_client */;

--
-- Dumping data for table `transaksi`
--

LOCK TABLES `transaksi` WRITE;
/*!40000 ALTER TABLE `transaksi` DISABLE KEYS */;
INSERT INTO `transaksi` VALUES ('T202310251','2003-10-25 17:00:00','Ros diana',2,50000),('T202310252','2003-10-25 17:00:00','Eugene',2,50000),('T202311293','2023-11-28 17:00:00','Jessica',3,75000),('T231130001','2023-11-30 09:09:18','INDRA',2,75000),('T231130002','2023-11-30 09:15:04','VALEN',1,250000);
/*!40000 ALTER TABLE `transaksi` ENABLE KEYS */;
UNLOCK TABLES;
/*!40103 SET TIME_ZONE=@OLD_TIME_ZONE */;

/*!40101 SET SQL_MODE=@OLD_SQL_MODE */;
/*!40014 SET FOREIGN_KEY_CHECKS=@OLD_FOREIGN_KEY_CHECKS */;
/*!40014 SET UNIQUE_CHECKS=@OLD_UNIQUE_CHECKS */;
/*!40101 SET CHARACTER_SET_CLIENT=@OLD_CHARACTER_SET_CLIENT */;
/*!40101 SET CHARACTER_SET_RESULTS=@OLD_CHARACTER_SET_RESULTS */;
/*!40101 SET COLLATION_CONNECTION=@OLD_COLLATION_CONNECTION */;
/*!40111 SET SQL_NOTES=@OLD_SQL_NOTES */;

SELECT * FROM mysql.user;








